task_id,project_id,sprint_id,story_points,status,priority,assignee_id,assignee_name
1,62,62,11,BLOCKED,MEDIUM,2,developer_11
2,4,178,10,DONE,LOW,1,developer_50
3,14,144,2,TO_DO,CRITICAL,3,developer_15
4,51,14,4,DONE,MEDIUM,42,developer_39
5,28,69,5,DONE,MEDIUM,44,developer_21
6,67,184,7,IN_PROGRESS,CRITICAL,16,developer_26
7,47,93,8,TO_DO,MEDIUM,40,developer_29
8,69,190,6,TO_DO,MEDIUM,24,developer_1
9,8,186,5,TO_DO,CRITICAL,15,developer_16
10,28,178,6,TO_DO,MEDIUM,27,developer_39
11,94,138,4,DONE,LOW,37,developer_18
12,89,121,1,TO_DO,LOW,43,developer_32
13,59,10,3,BLOCKED,LOW,41,developer_39
14,2,164,4,BLOCKED,LOW,48,developer_16
15,94,187,1,DONE,MEDIUM,12,developer_3
16,60,16,8,DONE,CRITICAL,12,developer_4
17,55,124,3,BLOCKED,HIGH,39,developer_27
18,47,68,11,BLOCKED,MEDIUM,16,developer_34
19,62,55,3,DONE,LOW,21,developer_9
20,82,121,8,DONE,HIGH,44,developer_32
21,35,131,1,IN_PROGRESS,LOW,7,developer_22
22,47,186,1,TO_DO,MEDIUM,33,developer_48
23,3,70,8,IN_PROGRESS,CRITICAL,24,developer_37
24,23,113,9,DONE,HIGH,13,developer_3
25,1,2,10,TO_DO,MEDIUM,31,developer_49
26,84,78,11,IN_PROGRESS,LOW,50,developer_26
27,42,157,8,IN_PROGRESS,CRITICAL,18,developer_11
28,86,29,2,TO_DO,MEDIUM,37,developer_26
29,93,153,1,IN_PROGRESS,CRITICAL,28,developer_14
30,11,97,8,BLOCKED,MEDIUM,44,developer_47
31,78,158,3,IN_PROGRESS,MEDIUM,37,developer_5
32,43,20,2,DONE,CRITICAL,38,developer_3
33,94,107,2,IN_PROGRESS,LOW,50,developer_9
34,32,168,10,DONE,CRITICAL,39,developer_32
35,67,64,7,DONE,CRITICAL,15,developer_49
36,77,16,3,TO_DO,LOW,27,developer_45
37,96,145,2,IN_PROGRESS,HIGH,49,developer_33
38,80,16,8,TO_DO,LOW,28,developer_22
39,71,61,5,TO_DO,CRITICAL,13,developer_32
40,14,191,13,IN_PROGRESS,HIGH,47,developer_11
41,95,59,12,TO_DO,CRITICAL,36,developer_10
42,75,46,8,TO_DO,LOW,41,developer_38
43,19,104,1,BLOCKED,MEDIUM,6,developer_47
44,26,93,10,BLOCKED,LOW,7,developer_36
45,100,89,13,TO_DO,LOW,44,developer_38
46,78,52,5,DONE,LOW,7,developer_25
47,54,53,4,BLOCKED,CRITICAL,41,developer_1
48,68,66,8,DONE,HIGH,40,developer_34
49,21,45,1,IN_PROGRESS,MEDIUM,3,developer_48
50,20,189,10,BLOCKED,MEDIUM,13,developer_30
51,13,43,3,BLOCKED,CRITICAL,22,developer_6
52,75,139,10,DONE,CRITICAL,48,developer_43
53,92,92,11,DONE,MEDIUM,36,developer_13
54,86,25,9,IN_PROGRESS,HIGH,27,developer_21
55,36,150,8,BLOCKED,CRITICAL,15,developer_32
56,39,196,7,IN_PROGRESS,MEDIUM,7,developer_25
57,1,117,8,IN_PROGRESS,MEDIUM,2,developer_46
58,25,85,7,IN_PROGRESS,MEDIUM,38,developer_12
59,78,189,4,TO_DO,HIGH,15,developer_31
60,52,41,2,DONE,LOW,41,developer_19
61,86,161,6,TO_DO,CRITICAL,33,developer_6
62,29,57,1,DONE,HIGH,7,developer_1
63,20,194,8,DONE,LOW,50,developer_25
64,57,74,2,DONE,LOW,45,developer_33
65,72,132,8,TO_DO,MEDIUM,10,developer_48
66,45,10,12,TO_DO,CRITICAL,27,developer_27
67,91,146,13,DONE,MEDIUM,12,developer_40
68,93,14,2,TO_DO,LOW,12,developer_43
69,67,94,1,DONE,LOW,34,developer_42
70,97,81,8,IN_PROGRESS,MEDIUM,11,developer_34
71,83,193,2,DONE,HIGH,9,developer_20
72,38,38,11,TO_DO,CRITICAL,46,developer_27
73,61,81,7,TO_DO,HIGH,34,developer_35
74,69,39,3,TO_DO,LOW,29,developer_43
75,93,84,8,IN_PROGRESS,HIGH,20,developer_9
76,22,160,9,IN_PROGRESS,CRITICAL,39,developer_47
77,5,16,5,IN_PROGRESS,MEDIUM,49,developer_20
78,24,59,2,IN_PROGRESS,CRITICAL,41,developer_26
79,20,43,10,DONE,HIGH,21,developer_35
80,78,56,7,DONE,MEDIUM,5,developer_2
81,88,42,12,TO_DO,LOW,5,developer_50
82,46,122,8,IN_PROGRESS,MEDIUM,19,developer_28
83,97,80,2,DONE,LOW,28,developer_39
84,90,37,13,TO_DO,HIGH,27,developer_31
85,22,147,3,DONE,MEDIUM,24,developer_23
86,24,22,4,IN_PROGRESS,LOW,25,developer_47
87,28,157,6,DONE,CRITICAL,46,developer_36
88,4,63,1,DONE,LOW,40,developer_28
89,75,46,8,BLOCKED,HIGH,16,developer_13
90,3,128,5,BLOCKED,LOW,12,developer_9
91,89,79,1,TO_DO,LOW,29,developer_2
92,86,148,7,IN_PROGRESS,CRITICAL,15,developer_45
93,4,140,8,BLOCKED,LOW,16,developer_41
94,40,11,8,TO_DO,LOW,21,developer_22
95,38,82,11,TO_DO,MEDIUM,18,developer_34
96,37,25,12,TO_DO,CRITICAL,7,developer_40
97,24,165,13,DONE,CRITICAL,5,developer_31
98,36,109,4,DONE,LOW,32,developer_34
99,4,200,13,TO_DO,HIGH,12,developer_32
100,51,12,10,BLOCKED,HIGH,33,developer_22
101,71,148,7,DONE,CRITICAL,3,developer_10
102,93,15,13,TO_DO,HIGH,29,developer_18
103,36,52,12,TO_DO,MEDIUM,42,developer_11
104,55,39,2,BLOCKED,LOW,30,developer_26
105,4,171,5,IN_PROGRESS,LOW,21,developer_29
106,54,155,7,TO_DO,CRITICAL,31,developer_29
107,19,163,1,IN_PROGRESS,HIGH,33,developer_5
108,6,175,4,TO_DO,CRITICAL,33,developer_29
109,90,80,11,TO_DO,MEDIUM,46,developer_44
110,87,170,8,DONE,MEDIUM,24,developer_46
111,48,41,2,TO_DO,LOW,33,developer_4
112,36,144,2,IN_PROGRESS,HIGH,32,developer_19
113,89,44,9,TO_DO,LOW,31,developer_41
114,62,9,5,BLOCKED,LOW,38,developer_1
115,75,79,1,TO_DO,CRITICAL,12,developer_23
116,83,158,13,BLOCKED,MEDIUM,22,developer_14
117,53,13,11,DONE,HIGH,31,developer_36
118,68,54,10,TO_DO,HIGH,4,developer_45
119,8,167,2,TO_DO,LOW,46,developer_32
120,20,71,1,BLOCKED,HIGH,10,developer_3
121,21,12,2,BLOCKED,MEDIUM,6,developer_21
122,78,168,9,IN_PROGRESS,MEDIUM,16,developer_46
123,68,114,13,TO_DO,MEDIUM,29,developer_5
124,42,71,13,BLOCKED,CRITICAL,6,developer_44
125,75,131,8,DONE,HIGH,13,developer_26
126,48,58,1,BLOCKED,CRITICAL,3,developer_38
127,5,38,11,TO_DO,LOW,37,developer_3
128,78,160,6,DONE,HIGH,40,developer_14
129,85,75,3,DONE,LOW,12,developer_28
130,47,149,5,IN_PROGRESS,LOW,8,developer_18
131,51,120,3,TO_DO,MEDIUM,9,developer_41
132,12,18,3,IN_PROGRESS,MEDIUM,35,developer_5
133,11,87,12,TO_DO,HIGH,1,developer_21
134,77,198,11,TO_DO,MEDIUM,33,developer_23
135,84,178,5,DONE,MEDIUM,50,developer_44
136,48,180,11,DONE,CRITICAL,30,developer_11
137,34,129,1,BLOCKED,MEDIUM,7,developer_4
138,47,1,1,TO_DO,LOW,49,developer_4
139,79,9,10,TO_DO,CRITICAL,26,developer_17
140,49,99,10,IN_PROGRESS,HIGH,21,developer_19
141,78,30,13,BLOCKED,MEDIUM,34,developer_47
142,9,101,9,IN_PROGRESS,CRITICAL,43,developer_47
143,93,67,9,BLOCKED,MEDIUM,27,developer_31
144,35,126,7,IN_PROGRESS,MEDIUM,11,developer_17
145,3,107,12,IN_PROGRESS,HIGH,42,developer_29
146,98,73,2,TO_DO,LOW,18,developer_14
147,25,154,2,BLOCKED,MEDIUM,48,developer_23
148,31,125,8,IN_PROGRESS,MEDIUM,5,developer_42
149,94,86,5,BLOCKED,CRITICAL,19,developer_24
150,46,88,5,IN_PROGRESS,CRITICAL,5,developer_11
151,66,28,4,DONE,HIGH,42,developer_29
152,8,75,9,BLOCKED,CRITICAL,44,developer_35
153,61,181,12,DONE,LOW,16,developer_10
154,4,127,8,IN_PROGRESS,HIGH,30,developer_50
155,97,1,11,TO_DO,LOW,32,developer_3
156,65,176,13,DONE,MEDIUM,12,developer_28
157,45,189,7,TO_DO,HIGH,39,developer_33
158,7,133,13,DONE,LOW,46,developer_6
159,60,193,12,BLOCKED,HIGH,25,developer_1
160,91,37,6,BLOCKED,MEDIUM,43,developer_7
161,65,54,5,DONE,LOW,5,developer_7
162,55,127,7,DONE,CRITICAL,44,developer_36
163,2,135,10,DONE,HIGH,49,developer_2
164,99,23,13,IN_PROGRESS,MEDIUM,18,developer_16
165,61,81,4,IN_PROGRESS,MEDIUM,23,developer_21
166,2,98,11,IN_PROGRESS,LOW,5,developer_31
167,58,142,9,DONE,HIGH,45,developer_3
168,62,151,7,TO_DO,HIGH,44,developer_43
169,43,8,3,IN_PROGRESS,MEDIUM,42,developer_29
170,22,196,4,TO_DO,LOW,10,developer_47
171,17,136,7,BLOCKED,LOW,8,developer_8
172,72,4,7,IN_PROGRESS,LOW,21,developer_22
173,76,192,11,TO_DO,MEDIUM,40,developer_3
174,99,53,3,TO_DO,LOW,18,developer_13
175,4,44,4,BLOCKED,LOW,41,developer_38
176,86,110,12,IN_PROGRESS,HIGH,11,developer_44
177,89,11,2,DONE,LOW,29,developer_15
178,58,13,8,BLOCKED,HIGH,41,developer_33
179,25,24,3,IN_PROGRESS,LOW,2,developer_34
180,18,84,10,BLOCKED,HIGH,2,developer_41
181,52,153,2,DONE,MEDIUM,14,developer_25
182,18,45,13,DONE,CRITICAL,28,developer_6
183,55,144,1,TO_DO,LOW,1,developer_37
184,97,70,1,DONE,HIGH,21,developer_26
185,92,198,10,IN_PROGRESS,HIGH,44,developer_47
186,86,77,1,BLOCKED,HIGH,36,developer_9
187,42,64,5,TO_DO,CRITICAL,28,developer_25
188,77,57,2,BLOCKED,HIGH,30,developer_18
189,53,122,11,DONE,LOW,8,developer_43
190,13,9,5,IN_PROGRESS,LOW,33,developer_45
191,48,105,9,IN_PROGRESS,LOW,20,developer_23
192,62,123,5,IN_PROGRESS,HIGH,11,developer_39
193,92,91,3,DONE,LOW,34,developer_22
194,64,38,5,TO_DO,LOW,29,developer_15
195,12,139,13,DONE,LOW,36,developer_33
196,94,52,13,DONE,HIGH,39,developer_28
197,50,33,11,IN_PROGRESS,LOW,40,developer_6
198,35,97,5,BLOCKED,HIGH,37,developer_31
199,22,6,12,BLOCKED,CRITICAL,45,developer_35
200,58,159,7,TO_DO,CRITICAL,31,developer_34
201,26,196,11,IN_PROGRESS,HIGH,20,developer_12
202,16,65,6,BLOCKED,CRITICAL,21,developer_38
203,38,86,11,IN_PROGRESS,LOW,24,developer_33
204,79,65,2,TO_DO,CRITICAL,26,developer_30
205,19,80,3,TO_DO,MEDIUM,22,developer_29
206,96,11,9,IN_PROGRESS,MEDIUM,49,developer_25
207,60,17,9,DONE,HIGH,15,developer_4
208,8,103,5,TO_DO,LOW,18,developer_23
209,22,160,2,TO_DO,LOW,29,developer_37
210,98,37,9,IN_PROGRESS,MEDIUM,25,developer_44
211,60,134,7,DONE,CRITICAL,36,developer_37
212,71,163,3,TO_DO,MEDIUM,47,developer_18
213,25,121,8,IN_PROGRESS,MEDIUM,30,developer_39
214,27,124,7,IN_PROGRESS,MEDIUM,42,developer_27
215,59,48,2,TO_DO,HIGH,41,developer_9
216,29,80,8,BLOCKED,MEDIUM,8,developer_27
217,34,191,8,BLOCKED,MEDIUM,7,developer_50
218,79,149,8,TO_DO,CRITICAL,47,developer_38
219,64,71,8,TO_DO,LOW,25,developer_45
220,9,32,10,TO_DO,HIGH,49,developer_10
221,40,113,10,TO_DO,HIGH,4,developer_26
222,42,20,12,DONE,MEDIUM,27,developer_27
223,86,68,1,IN_PROGRESS,HIGH,6,developer_14
224,81,56,5,IN_PROGRESS,CRITICAL,5,developer_28
225,54,133,5,BLOCKED,MEDIUM,47,developer_47
226,10,162,7,IN_PROGRESS,LOW,12,developer_42
227,36,75,9,TO_DO,CRITICAL,49,developer_22
228,46,165,1,IN_PROGRESS,MEDIUM,44,developer_47
229,14,80,8,TO_DO,HIGH,49,developer_21
230,47,130,9,DONE,CRITICAL,50,developer_44
231,77,162,4,IN_PROGRESS,LOW,28,developer_41
232,63,70,7,TO_DO,CRITICAL,41,developer_17
233,95,41,3,TO_DO,LOW,37,developer_9
234,74,191,2,DONE,LOW,4,developer_49
235,95,47,5,DONE,HIGH,3,developer_5
236,75,100,8,IN_PROGRESS,HIGH,16,developer_6
237,27,128,10,TO_DO,CRITICAL,25,developer_15
238,16,157,6,BLOCKED,MEDIUM,16,developer_35
239,60,17,4,TO_DO,MEDIUM,5,developer_36
240,51,93,6,DONE,LOW,23,developer_4
241,29,49,1,TO_DO,MEDIUM,26,developer_13
242,80,88,9,DONE,LOW,43,developer_40
243,70,128,10,IN_PROGRESS,LOW,7,developer_38
244,98,168,9,DONE,HIGH,49,developer_29
245,88,198,5,TO_DO,HIGH,4,developer_33
246,35,46,4,IN_PROGRESS,CRITICAL,41,developer_42
247,42,7,12,DONE,LOW,3,developer_31
248,23,44,9,BLOCKED,CRITICAL,47,developer_29
249,10,96,1,BLOCKED,CRITICAL,16,developer_2
250,46,15,12,IN_PROGRESS,MEDIUM,40,developer_8
251,77,123,5,BLOCKED,MEDIUM,1,developer_19
252,91,153,9,BLOCKED,HIGH,23,developer_18
253,26,141,4,BLOCKED,MEDIUM,18,developer_44
254,26,190,6,TO_DO,CRITICAL,13,developer_46
255,38,145,9,DONE,LOW,18,developer_10
256,83,52,11,IN_PROGRESS,CRITICAL,43,developer_20
257,58,20,1,DONE,CRITICAL,39,developer_18
258,64,88,7,DONE,CRITICAL,41,developer_7
259,67,15,1,IN_PROGRESS,LOW,13,developer_23
260,97,85,9,BLOCKED,LOW,19,developer_43
261,91,102,11,TO_DO,MEDIUM,49,developer_20
262,4,72,11,IN_PROGRESS,CRITICAL,33,developer_15
263,65,36,9,TO_DO,HIGH,1,developer_49
264,1,172,2,IN_PROGRESS,MEDIUM,10,developer_14
265,24,87,2,TO_DO,HIGH,10,developer_36
266,8,75,6,DONE,MEDIUM,34,developer_37
267,62,138,7,IN_PROGRESS,MEDIUM,40,developer_21
268,27,27,1,IN_PROGRESS,MEDIUM,39,developer_29
269,19,67,6,IN_PROGRESS,HIGH,50,developer_43
270,81,199,8,DONE,CRITICAL,39,developer_44
271,70,78,11,TO_DO,LOW,24,developer_36
272,8,73,12,BLOCKED,HIGH,30,developer_31
273,11,74,6,DONE,MEDIUM,40,developer_50
274,76,200,3,BLOCKED,HIGH,26,developer_7
275,72,172,8,BLOCKED,HIGH,19,developer_10
276,64,13,1,IN_PROGRESS,LOW,5,developer_46
277,98,142,10,TO_DO,MEDIUM,39,developer_46
278,6,159,6,IN_PROGRESS,HIGH,20,developer_14
279,42,119,12,IN_PROGRESS,LOW,39,developer_28
280,38,90,4,BLOCKED,MEDIUM,31,developer_44
281,94,129,6,IN_PROGRESS,MEDIUM,12,developer_22
282,49,81,11,IN_PROGRESS,CRITICAL,21,developer_26
283,42,112,6,BLOCKED,CRITICAL,19,developer_39
284,41,129,13,IN_PROGRESS,MEDIUM,32,developer_19
285,67,75,1,IN_PROGRESS,HIGH,29,developer_2
286,32,77,13,DONE,LOW,31,developer_24
287,63,6,8,TO_DO,HIGH,3,developer_32
288,26,113,11,IN_PROGRESS,MEDIUM,12,developer_48
289,63,153,7,DONE,LOW,14,developer_41
290,41,2,3,IN_PROGRESS,CRITICAL,25,developer_42
291,21,60,13,DONE,LOW,46,developer_37
292,51,105,7,DONE,MEDIUM,31,developer_16
293,88,163,6,BLOCKED,CRITICAL,45,developer_31
294,7,183,9,TO_DO,HIGH,10,developer_34
295,56,34,3,BLOCKED,HIGH,17,developer_4
296,52,85,1,IN_PROGRESS,MEDIUM,6,developer_24
297,78,39,11,BLOCKED,MEDIUM,13,developer_39
298,95,106,2,TO_DO,LOW,43,developer_39
299,82,23,4,BLOCKED,MEDIUM,24,developer_39
300,98,33,13,IN_PROGRESS,LOW,4,developer_40
301,35,176,3,BLOCKED,CRITICAL,45,developer_18
302,12,68,6,DONE,LOW,4,developer_1
303,57,51,12,BLOCKED,HIGH,31,developer_49
304,36,167,6,IN_PROGRESS,MEDIUM,34,developer_32
305,45,142,8,TO_DO,LOW,7,developer_41
306,46,100,10,IN_PROGRESS,MEDIUM,40,developer_32
307,25,177,9,IN_PROGRESS,CRITICAL,35,developer_3
308,18,158,5,TO_DO,HIGH,15,developer_36
309,11,124,7,TO_DO,LOW,47,developer_50
310,45,159,4,DONE,CRITICAL,30,developer_18
311,36,64,5,BLOCKED,LOW,7,developer_21
312,22,111,9,IN_PROGRESS,CRITICAL,25,developer_35
313,72,181,7,BLOCKED,CRITICAL,22,developer_28
314,9,199,10,BLOCKED,MEDIUM,33,developer_43
315,46,102,8,IN_PROGRESS,HIGH,42,developer_35
316,29,138,2,BLOCKED,HIGH,29,developer_41
317,28,27,4,IN_PROGRESS,MEDIUM,4,developer_35
318,77,128,11,IN_PROGRESS,LOW,31,developer_12
319,55,50,6,IN_PROGRESS,HIGH,11,developer_19
320,91,20,12,IN_PROGRESS,LOW,50,developer_40
321,100,26,6,BLOCKED,MEDIUM,46,developer_4
322,83,54,5,BLOCKED,MEDIUM,30,developer_10
323,74,151,11,IN_PROGRESS,HIGH,7,developer_19
324,55,165,3,BLOCKED,MEDIUM,27,developer_47
325,68,199,2,TO_DO,CRITICAL,23,developer_28
326,71,5,9,TO_DO,LOW,32,developer_28
327,94,166,10,TO_DO,LOW,13,developer_32
328,68,41,1,TO_DO,CRITICAL,2,developer_6
329,36,9,10,DONE,MEDIUM,13,developer_8
330,85,21,1,TO_DO,LOW,34,developer_22
331,13,69,1,TO_DO,LOW,29,developer_36
332,95,90,10,TO_DO,LOW,4,developer_21
333,99,154,9,IN_PROGRESS,CRITICAL,31,developer_31
334,34,82,12,BLOCKED,HIGH,46,developer_39
335,63,75,4,BLOCKED,HIGH,23,developer_49
336,72,181,7,BLOCKED,CRITICAL,34,developer_50
337,91,113,10,TO_DO,CRITICAL,41,developer_37
338,98,101,6,DONE,MEDIUM,7,developer_20
339,91,128,9,DONE,CRITICAL,44,developer_47
340,97,162,3,TO_DO,LOW,7,developer_1
341,92,154,10,TO_DO,MEDIUM,25,developer_50
342,74,171,9,IN_PROGRESS,HIGH,34,developer_17
343,38,173,9,TO_DO,MEDIUM,3,developer_27
344,43,162,8,DONE,CRITICAL,20,developer_43
345,76,41,7,BLOCKED,HIGH,40,developer_12
346,44,56,9,BLOCKED,CRITICAL,16,developer_36
347,74,127,10,IN_PROGRESS,MEDIUM,36,developer_4
348,8,142,3,BLOCKED,HIGH,32,developer_8
349,94,86,1,DONE,LOW,24,developer_33
350,49,89,10,TO_DO,MEDIUM,9,developer_27
351,12,142,11,TO_DO,CRITICAL,8,developer_21
352,39,93,4,TO_DO,CRITICAL,12,developer_29
353,44,87,2,IN_PROGRESS,MEDIUM,22,developer_1
354,57,30,3,BLOCKED,HIGH,4,developer_1
355,76,20,8,IN_PROGRESS,CRITICAL,13,developer_37
356,99,135,11,BLOCKED,CRITICAL,5,developer_1
357,44,39,10,IN_PROGRESS,CRITICAL,41,developer_3
358,42,144,2,TO_DO,HIGH,50,developer_14
359,26,107,12,IN_PROGRESS,HIGH,44,developer_3
360,25,97,7,BLOCKED,MEDIUM,35,developer_9
361,28,56,5,TO_DO,HIGH,23,developer_3
362,1,11,12,TO_DO,MEDIUM,14,developer_12
363,52,74,9,IN_PROGRESS,MEDIUM,46,developer_17
364,15,191,7,TO_DO,MEDIUM,34,developer_11
365,100,1,8,IN_PROGRESS,CRITICAL,26,developer_19
366,72,81,3,DONE,MEDIUM,25,developer_33
367,37,113,8,DONE,CRITICAL,36,developer_10
368,26,76,8,TO_DO,CRITICAL,14,developer_10
369,16,195,8,DONE,HIGH,25,developer_7
370,65,49,7,BLOCKED,HIGH,26,developer_45
371,7,186,6,DONE,CRITICAL,31,developer_42
372,44,123,9,TO_DO,LOW,25,developer_23
373,17,114,9,BLOCKED,MEDIUM,35,developer_34
374,18,84,2,IN_PROGRESS,LOW,12,developer_40
375,8,160,13,DONE,LOW,6,developer_9
376,92,40,3,TO_DO,HIGH,40,developer_8
377,55,107,3,BLOCKED,HIGH,24,developer_16
378,79,63,13,TO_DO,CRITICAL,27,developer_38
379,26,87,10,IN_PROGRESS,HIGH,36,developer_10
380,55,25,2,IN_PROGRESS,CRITICAL,11,developer_50
381,25,53,5,TO_DO,MEDIUM,46,developer_47
382,34,10,10,BLOCKED,MEDIUM,15,developer_26
383,98,187,13,BLOCKED,LOW,24,developer_28
384,95,33,10,DONE,MEDIUM,2,developer_38
385,24,45,5,BLOCKED,LOW,6,developer_8
386,59,97,5,TO_DO,MEDIUM,17,developer_35
387,5,178,1,TO_DO,MEDIUM,33,developer_17
388,51,89,1,BLOCKED,CRITICAL,35,developer_2
389,98,134,12,TO_DO,HIGH,32,developer_38
390,28,113,4,IN_PROGRESS,MEDIUM,47,developer_47
391,61,81,12,IN_PROGRESS,MEDIUM,4,developer_43
392,11,81,4,TO_DO,MEDIUM,34,developer_23
393,50,50,10,IN_PROGRESS,HIGH,19,developer_3
394,58,142,4,BLOCKED,HIGH,13,developer_30
395,13,30,12,IN_PROGRESS,CRITICAL,17,developer_25
396,38,165,10,IN_PROGRESS,MEDIUM,47,developer_16
397,66,93,11,IN_PROGRESS,HIGH,9,developer_12
398,45,182,3,TO_DO,MEDIUM,46,developer_23
399,87,61,13,DONE,MEDIUM,10,developer_12
400,45,64,10,DONE,MEDIUM,39,developer_34
401,38,98,4,BLOCKED,MEDIUM,6,developer_31
402,16,152,12,BLOCKED,LOW,36,developer_14
403,57,143,4,DONE,MEDIUM,24,developer_3
404,98,158,4,IN_PROGRESS,MEDIUM,2,developer_28
405,20,6,7,DONE,CRITICAL,45,developer_11
406,58,88,12,IN_PROGRESS,HIGH,24,developer_36
407,93,41,7,DONE,LOW,35,developer_19
408,4,162,9,DONE,LOW,7,developer_38
409,84,23,5,IN_PROGRESS,HIGH,36,developer_42
410,38,78,10,IN_PROGRESS,HIGH,29,developer_47
411,4,199,9,IN_PROGRESS,CRITICAL,42,developer_18
412,76,99,5,BLOCKED,HIGH,23,developer_35
413,20,142,6,TO_DO,CRITICAL,16,developer_2
414,43,99,8,IN_PROGRESS,MEDIUM,49,developer_27
415,68,3,6,IN_PROGRESS,HIGH,4,developer_7
416,6,127,9,DONE,MEDIUM,22,developer_50
417,100,33,7,BLOCKED,CRITICAL,30,developer_3
418,43,56,7,IN_PROGRESS,CRITICAL,10,developer_34
419,42,32,5,IN_PROGRESS,CRITICAL,6,developer_50
420,42,62,7,BLOCKED,HIGH,32,developer_36
421,21,117,5,BLOCKED,CRITICAL,7,developer_48
422,89,88,2,BLOCKED,CRITICAL,25,developer_1
423,13,58,11,TO_DO,CRITICAL,36,developer_35
424,40,76,9,TO_DO,HIGH,9,developer_16
425,95,32,3,BLOCKED,HIGH,34,developer_47
426,94,117,1,IN_PROGRESS,MEDIUM,21,developer_15
427,81,9,13,BLOCKED,HIGH,10,developer_18
428,92,105,9,BLOCKED,CRITICAL,49,developer_45
429,22,185,3,TO_DO,HIGH,17,developer_46
430,22,59,9,TO_DO,CRITICAL,1,developer_42
431,65,144,9,BLOCKED,MEDIUM,15,developer_2
432,62,165,6,DONE,LOW,21,developer_33
433,48,4,6,IN_PROGRESS,HIGH,17,developer_21
434,23,149,4,DONE,HIGH,18,developer_16
435,57,37,13,BLOCKED,HIGH,28,developer_15
436,30,144,7,DONE,LOW,42,developer_21
437,85,82,2,TO_DO,MEDIUM,46,developer_21
438,22,120,6,TO_DO,MEDIUM,12,developer_24
439,19,107,13,TO_DO,LOW,8,developer_3
440,71,155,5,IN_PROGRESS,MEDIUM,19,developer_5
441,97,125,6,BLOCKED,CRITICAL,24,developer_30
442,94,49,5,DONE,HIGH,36,developer_3
443,70,158,5,IN_PROGRESS,CRITICAL,32,developer_12
444,72,23,9,DONE,LOW,28,developer_34
445,96,42,12,TO_DO,LOW,7,developer_22
446,88,118,12,TO_DO,CRITICAL,45,developer_29
447,28,181,2,DONE,LOW,11,developer_26
448,47,113,11,TO_DO,HIGH,15,developer_35
449,90,66,4,DONE,LOW,29,developer_3
450,2,15,1,BLOCKED,MEDIUM,32,developer_10
451,81,197,1,TO_DO,MEDIUM,5,developer_5
452,46,36,9,BLOCKED,LOW,37,developer_37
453,83,9,11,IN_PROGRESS,CRITICAL,47,developer_14
454,45,110,4,IN_PROGRESS,LOW,23,developer_21
455,9,139,5,TO_DO,CRITICAL,45,developer_35
456,28,23,13,IN_PROGRESS,LOW,1,developer_3
457,72,171,5,BLOCKED,HIGH,28,developer_9
458,88,2,2,BLOCKED,LOW,23,developer_22
459,76,112,11,BLOCKED,HIGH,37,developer_49
460,34,176,4,TO_DO,CRITICAL,40,developer_2
461,43,163,2,BLOCKED,CRITICAL,46,developer_50
462,79,133,2,IN_PROGRESS,CRITICAL,2,developer_24
463,31,137,3,BLOCKED,HIGH,30,developer_8
464,66,121,7,BLOCKED,LOW,1,developer_31
465,8,67,5,DONE,HIGH,48,developer_14
466,74,176,2,DONE,CRITICAL,35,developer_19
467,52,174,1,TO_DO,CRITICAL,21,developer_25
468,91,95,11,DONE,HIGH,20,developer_9
469,70,162,13,DONE,MEDIUM,39,developer_42
470,96,130,8,TO_DO,MEDIUM,17,developer_28
471,15,132,8,IN_PROGRESS,MEDIUM,11,developer_8
472,1,36,11,IN_PROGRESS,MEDIUM,24,developer_27
473,14,65,9,DONE,CRITICAL,30,developer_12
474,40,103,9,IN_PROGRESS,MEDIUM,12,developer_27
475,94,177,10,BLOCKED,HIGH,14,developer_17
476,33,137,8,BLOCKED,MEDIUM,45,developer_44
477,35,141,6,TO_DO,HIGH,14,developer_31
478,8,122,4,TO_DO,HIGH,13,developer_42
479,92,109,2,BLOCKED,CRITICAL,25,developer_31
480,35,115,8,TO_DO,HIGH,38,developer_2
481,94,194,8,DONE,HIGH,15,developer_42
482,87,91,3,IN_PROGRESS,MEDIUM,17,developer_17
483,18,166,4,DONE,CRITICAL,2,developer_35
484,15,72,10,IN_PROGRESS,LOW,19,developer_26
485,24,152,11,TO_DO,CRITICAL,49,developer_16
486,27,126,8,IN_PROGRESS,HIGH,47,developer_48
487,97,6,12,TO_DO,HIGH,3,developer_41
488,9,190,6,IN_PROGRESS,LOW,1,developer_33
489,48,155,7,TO_DO,HIGH,24,developer_35
490,21,45,13,DONE,CRITICAL,31,developer_36
491,89,98,10,BLOCKED,LOW,8,developer_30
492,92,177,12,BLOCKED,CRITICAL,33,developer_12
493,47,66,11,TO_DO,LOW,39,developer_22
494,80,121,3,DONE,MEDIUM,47,developer_48
495,93,1,7,DONE,LOW,7,developer_15
496,15,72,4,DONE,LOW,34,developer_23
497,12,67,8,DONE,HIGH,44,developer_34
498,35,160,6,TO_DO,MEDIUM,26,developer_50
499,46,126,13,IN_PROGRESS,LOW,4,developer_47
500,45,8,12,DONE,HIGH,14,developer_23
501,79,11,12,IN_PROGRESS,HIGH,37,developer_17
502,80,36,1,DONE,MEDIUM,33,developer_22
503,63,139,3,TO_DO,HIGH,18,developer_26
504,10,11,13,IN_PROGRESS,MEDIUM,20,developer_34
505,100,121,3,BLOCKED,CRITICAL,11,developer_44
506,75,182,8,DONE,LOW,36,developer_48
507,58,58,3,IN_PROGRESS,LOW,42,developer_41
508,18,36,3,BLOCKED,MEDIUM,45,developer_31
509,52,49,5,DONE,HIGH,4,developer_47
510,23,96,11,TO_DO,CRITICAL,5,developer_31
511,69,48,11,IN_PROGRESS,LOW,29,developer_33
512,32,187,6,IN_PROGRESS,LOW,7,developer_17
513,27,143,6,DONE,CRITICAL,45,developer_36
514,84,142,3,IN_PROGRESS,MEDIUM,46,developer_36
515,49,97,13,IN_PROGRESS,LOW,29,developer_22
516,83,58,11,DONE,LOW,30,developer_38
517,38,36,7,TO_DO,HIGH,10,developer_26
518,47,141,8,BLOCKED,MEDIUM,28,developer_2
519,71,13,9,TO_DO,HIGH,29,developer_9
520,4,53,6,BLOCKED,HIGH,46,developer_48
521,48,146,6,IN_PROGRESS,LOW,44,developer_32
522,69,96,10,BLOCKED,CRITICAL,31,developer_35
523,77,162,11,TO_DO,MEDIUM,38,developer_38
524,5,100,1,BLOCKED,CRITICAL,18,developer_40
525,40,123,13,DONE,HIGH,36,developer_21
526,42,62,6,TO_DO,HIGH,31,developer_4
527,56,154,8,DONE,HIGH,6,developer_36
528,25,51,4,DONE,CRITICAL,45,developer_46
529,56,179,6,IN_PROGRESS,MEDIUM,38,developer_4
530,85,166,5,DONE,HIGH,27,developer_9
531,98,166,12,IN_PROGRESS,HIGH,22,developer_32
532,3,105,1,TO_DO,LOW,29,developer_41
533,14,54,8,TO_DO,CRITICAL,28,developer_13
534,64,121,12,BLOCKED,HIGH,25,developer_2
535,70,190,10,TO_DO,MEDIUM,34,developer_35
536,69,126,1,TO_DO,CRITICAL,10,developer_13
537,13,163,12,IN_PROGRESS,CRITICAL,43,developer_15
538,8,46,6,IN_PROGRESS,HIGH,43,developer_5
539,86,39,1,DONE,MEDIUM,21,developer_14
540,32,122,13,IN_PROGRESS,HIGH,28,developer_14
541,43,7,3,BLOCKED,LOW,10,developer_44
542,46,176,11,TO_DO,HIGH,21,developer_7
543,85,200,4,IN_PROGRESS,MEDIUM,22,developer_45
544,71,138,1,IN_PROGRESS,CRITICAL,12,developer_9
545,25,166,3,BLOCKED,CRITICAL,41,developer_35
546,58,95,1,TO_DO,HIGH,29,developer_2
547,53,102,11,TO_DO,MEDIUM,20,developer_20
548,83,149,13,DONE,MEDIUM,33,developer_47
549,43,42,11,IN_PROGRESS,MEDIUM,39,developer_25
550,54,9,5,TO_DO,CRITICAL,12,developer_6
551,39,15,6,TO_DO,LOW,50,developer_27
552,15,64,10,IN_PROGRESS,HIGH,33,developer_33
553,27,125,11,TO_DO,MEDIUM,14,developer_2
554,56,165,9,BLOCKED,HIGH,34,developer_15
555,42,134,5,TO_DO,MEDIUM,35,developer_33
556,78,6,2,DONE,HIGH,34,developer_15
557,39,91,1,TO_DO,CRITICAL,44,developer_36
558,10,26,13,TO_DO,CRITICAL,18,developer_12
559,53,42,11,TO_DO,LOW,4,developer_18
560,58,34,9,TO_DO,MEDIUM,21,developer_2
561,31,44,13,BLOCKED,HIGH,17,developer_42
562,71,132,13,IN_PROGRESS,LOW,47,developer_47
563,70,122,6,TO_DO,HIGH,40,developer_31
564,8,94,12,IN_PROGRESS,MEDIUM,1,developer_17
565,35,25,13,DONE,LOW,42,developer_3
566,96,56,1,TO_DO,LOW,10,developer_7
567,89,52,4,DONE,MEDIUM,46,developer_19
568,11,75,13,BLOCKED,HIGH,28,developer_22
569,13,85,1,DONE,LOW,5,developer_38
570,50,71,7,TO_DO,MEDIUM,35,developer_16
571,35,65,4,DONE,HIGH,5,developer_17
572,36,99,10,IN_PROGRESS,HIGH,29,developer_12
573,34,75,10,IN_PROGRESS,MEDIUM,12,developer_37
574,78,134,3,DONE,LOW,4,developer_21
575,71,127,13,IN_PROGRESS,CRITICAL,50,developer_26
576,72,76,11,BLOCKED,HIGH,4,developer_44
577,27,122,10,BLOCKED,LOW,21,developer_42
578,62,174,13,TO_DO,LOW,17,developer_29
579,42,49,10,DONE,HIGH,22,developer_8
580,77,16,3,TO_DO,CRITICAL,8,developer_47
581,3,16,11,TO_DO,CRITICAL,42,developer_17
582,37,121,4,IN_PROGRESS,CRITICAL,13,developer_45
583,35,9,3,DONE,MEDIUM,15,developer_20
584,16,37,11,BLOCKED,MEDIUM,34,developer_49
585,37,112,4,DONE,CRITICAL,38,developer_24
586,76,164,10,BLOCKED,HIGH,19,developer_25
587,83,63,7,TO_DO,MEDIUM,9,developer_15
588,88,38,11,TO_DO,CRITICAL,41,developer_17
589,2,132,7,TO_DO,LOW,40,developer_34
590,87,125,13,IN_PROGRESS,MEDIUM,3,developer_14
591,28,31,6,DONE,CRITICAL,9,developer_29
592,9,142,13,BLOCKED,LOW,15,developer_22
593,97,126,9,IN_PROGRESS,CRITICAL,25,developer_44
594,81,56,3,IN_PROGRESS,HIGH,12,developer_31
595,20,171,8,IN_PROGRESS,CRITICAL,11,developer_7
596,76,197,2,IN_PROGRESS,MEDIUM,32,developer_49
597,53,114,9,IN_PROGRESS,LOW,41,developer_37
598,23,200,8,IN_PROGRESS,HIGH,3,developer_19
599,13,15,8,TO_DO,LOW,33,developer_4
600,93,115,11,IN_PROGRESS,HIGH,14,developer_1
601,7,85,3,BLOCKED,LOW,9,developer_26
602,100,73,12,BLOCKED,CRITICAL,35,developer_46
603,15,142,1,DONE,CRITICAL,26,developer_49
604,74,186,3,DONE,LOW,41,developer_19
605,5,185,11,TO_DO,MEDIUM,5,developer_5
606,21,172,1,BLOCKED,LOW,27,developer_15
607,32,117,10,DONE,LOW,37,developer_44
608,23,200,10,IN_PROGRESS,LOW,36,developer_10
609,40,158,2,TO_DO,LOW,34,developer_7
610,52,109,4,BLOCKED,LOW,7,developer_23
611,31,161,3,BLOCKED,CRITICAL,11,developer_42
612,46,17,8,DONE,HIGH,25,developer_8
613,32,139,10,TO_DO,MEDIUM,11,developer_26
614,61,57,10,TO_DO,CRITICAL,10,developer_32
615,18,144,6,DONE,LOW,3,developer_8
616,51,14,12,TO_DO,CRITICAL,26,developer_3
617,61,100,12,IN_PROGRESS,LOW,19,developer_18
618,17,188,10,TO_DO,LOW,33,developer_38
619,80,146,4,IN_PROGRESS,LOW,37,developer_50
620,64,29,13,IN_PROGRESS,MEDIUM,25,developer_44
621,27,63,2,TO_DO,LOW,44,developer_28
622,65,23,3,DONE,MEDIUM,30,developer_31
623,5,173,6,DONE,MEDIUM,37,developer_45
624,31,38,2,TO_DO,CRITICAL,47,developer_19
625,12,127,3,IN_PROGRESS,LOW,14,developer_38
626,47,113,4,DONE,HIGH,11,developer_37
627,77,171,8,DONE,LOW,45,developer_34
628,82,114,6,DONE,LOW,38,developer_16
629,88,115,1,DONE,HIGH,1,developer_6
630,41,93,1,DONE,HIGH,46,developer_39
631,12,56,8,IN_PROGRESS,CRITICAL,13,developer_48
632,52,122,7,DONE,LOW,39,developer_26
633,49,89,9,DONE,MEDIUM,3,developer_6
634,43,87,7,IN_PROGRESS,LOW,43,developer_13
635,81,148,4,DONE,LOW,11,developer_8
636,29,109,10,IN_PROGRESS,HIGH,5,developer_48
637,23,147,12,BLOCKED,CRITICAL,24,developer_9
638,9,11,1,IN_PROGRESS,LOW,11,developer_38
639,6,132,4,TO_DO,LOW,33,developer_5
640,52,101,10,BLOCKED,HIGH,31,developer_9
641,60,160,10,IN_PROGRESS,MEDIUM,17,developer_47
642,57,58,12,IN_PROGRESS,MEDIUM,10,developer_33
643,85,76,5,DONE,MEDIUM,27,developer_16
644,74,35,6,IN_PROGRESS,LOW,46,developer_2
645,68,28,8,TO_DO,MEDIUM,42,developer_49
646,2,83,8,DONE,HIGH,35,developer_21
647,72,93,5,DONE,CRITICAL,7,developer_26
648,35,185,7,BLOCKED,CRITICAL,32,developer_10
649,86,171,9,IN_PROGRESS,LOW,50,developer_24
650,4,131,8,BLOCKED,HIGH,39,developer_18
651,98,37,10,IN_PROGRESS,MEDIUM,48,developer_17
652,81,89,10,IN_PROGRESS,MEDIUM,32,developer_2
653,14,189,10,TO_DO,LOW,29,developer_39
654,60,165,4,BLOCKED,HIGH,31,developer_35
655,68,199,10,BLOCKED,CRITICAL,49,developer_30
656,18,103,10,IN_PROGRESS,LOW,27,developer_42
657,98,152,6,TO_DO,HIGH,10,developer_26
658,93,11,2,TO_DO,LOW,29,developer_21
659,36,117,10,IN_PROGRESS,HIGH,2,developer_10
660,59,146,2,TO_DO,HIGH,40,developer_41
661,10,69,13,DONE,LOW,19,developer_22
662,86,93,11,BLOCKED,CRITICAL,13,developer_42
663,13,77,7,BLOCKED,MEDIUM,11,developer_4
664,37,99,8,DONE,LOW,24,developer_34
665,5,28,1,IN_PROGRESS,CRITICAL,18,developer_8
666,83,70,11,IN_PROGRESS,MEDIUM,24,developer_37
667,5,113,9,TO_DO,LOW,31,developer_7
668,32,177,3,DONE,LOW,48,developer_38
669,65,2,9,TO_DO,MEDIUM,25,developer_5
670,82,44,5,TO_DO,HIGH,44,developer_23
671,96,117,7,DONE,CRITICAL,27,developer_12
672,70,127,3,IN_PROGRESS,CRITICAL,31,developer_16
673,71,43,2,IN_PROGRESS,MEDIUM,27,developer_33
674,42,76,11,BLOCKED,CRITICAL,18,developer_20
675,33,183,13,IN_PROGRESS,HIGH,33,developer_2
676,96,71,2,DONE,MEDIUM,8,developer_40
677,75,33,5,IN_PROGRESS,HIGH,27,developer_36
678,19,157,10,IN_PROGRESS,CRITICAL,38,developer_44
679,36,29,7,IN_PROGRESS,MEDIUM,34,developer_39
680,91,37,12,BLOCKED,LOW,35,developer_29
681,58,146,11,DONE,MEDIUM,20,developer_50
682,38,42,11,TO_DO,LOW,48,developer_20
683,14,38,6,IN_PROGRESS,CRITICAL,5,developer_18
684,46,42,10,TO_DO,MEDIUM,3,developer_28
685,20,39,11,BLOCKED,LOW,45,developer_50
686,97,71,6,IN_PROGRESS,MEDIUM,48,developer_22
687,98,58,1,IN_PROGRESS,MEDIUM,43,developer_20
688,50,40,10,IN_PROGRESS,MEDIUM,34,developer_34
689,61,197,12,TO_DO,LOW,4,developer_41
690,3,102,7,TO_DO,MEDIUM,41,developer_3
691,96,69,6,TO_DO,MEDIUM,14,developer_25
692,51,186,3,IN_PROGRESS,MEDIUM,34,developer_27
693,62,164,4,DONE,MEDIUM,45,developer_16
694,88,193,13,DONE,LOW,39,developer_46
695,52,19,1,DONE,LOW,15,developer_47
696,82,3,13,DONE,CRITICAL,24,developer_50
697,28,171,7,IN_PROGRESS,LOW,5,developer_10
698,44,186,5,DONE,LOW,17,developer_42
699,76,106,6,TO_DO,LOW,21,developer_21
700,100,59,1,BLOCKED,MEDIUM,39,developer_46
701,90,123,1,IN_PROGRESS,LOW,36,developer_41
702,9,102,12,BLOCKED,HIGH,35,developer_32
703,80,123,13,TO_DO,LOW,26,developer_28
704,47,188,13,TO_DO,CRITICAL,22,developer_28
705,56,51,12,TO_DO,HIGH,49,developer_17
706,49,78,13,DONE,HIGH,15,developer_21
707,62,145,3,BLOCKED,MEDIUM,30,developer_28
708,15,110,3,IN_PROGRESS,LOW,23,developer_35
709,38,128,10,BLOCKED,HIGH,17,developer_45
710,18,138,13,BLOCKED,HIGH,43,developer_25
711,67,29,2,TO_DO,MEDIUM,13,developer_11
712,7,23,3,BLOCKED,HIGH,22,developer_46
713,16,100,2,DONE,MEDIUM,14,developer_38
714,81,191,7,DONE,HIGH,47,developer_14
715,64,33,11,BLOCKED,HIGH,12,developer_39
716,71,14,3,BLOCKED,HIGH,18,developer_7
717,92,92,6,IN_PROGRESS,CRITICAL,27,developer_20
718,89,114,8,DONE,HIGH,29,developer_16
719,50,44,3,DONE,CRITICAL,8,developer_8
720,80,37,1,BLOCKED,HIGH,39,developer_41
721,97,171,1,IN_PROGRESS,HIGH,46,developer_9
722,96,113,2,DONE,HIGH,36,developer_4
723,44,164,7,TO_DO,CRITICAL,44,developer_20
724,20,89,5,TO_DO,HIGH,5,developer_24
725,31,165,8,TO_DO,LOW,8,developer_41
726,58,38,10,TO_DO,CRITICAL,44,developer_44
727,90,135,4,DONE,HIGH,20,developer_27
728,14,98,12,IN_PROGRESS,LOW,50,developer_49
729,97,24,5,DONE,HIGH,39,developer_2
730,100,15,13,BLOCKED,CRITICAL,2,developer_6
731,71,193,10,IN_PROGRESS,LOW,12,developer_24
732,92,23,11,TO_DO,CRITICAL,20,developer_28
733,20,8,6,DONE,CRITICAL,19,developer_10
734,28,89,4,DONE,CRITICAL,13,developer_2
735,88,67,2,BLOCKED,CRITICAL,14,developer_48
736,72,46,13,IN_PROGRESS,HIGH,4,developer_26
737,91,198,6,TO_DO,LOW,18,developer_22
738,79,82,12,TO_DO,HIGH,38,developer_7
739,70,111,13,BLOCKED,LOW,40,developer_36
740,81,127,13,IN_PROGRESS,HIGH,12,developer_8
741,95,113,5,IN_PROGRESS,MEDIUM,31,developer_48
742,62,83,2,IN_PROGRESS,MEDIUM,48,developer_30
743,82,81,7,BLOCKED,HIGH,13,developer_41
744,71,82,1,IN_PROGRESS,HIGH,35,developer_35
745,19,78,7,TO_DO,HIGH,20,developer_15
746,13,10,12,TO_DO,CRITICAL,37,developer_33
747,51,129,13,TO_DO,MEDIUM,42,developer_18
748,76,173,12,DONE,LOW,38,developer_36
749,4,7,7,BLOCKED,LOW,30,developer_40
750,54,35,11,IN_PROGRESS,MEDIUM,18,developer_45
751,65,88,12,IN_PROGRESS,LOW,35,developer_14
752,7,23,2,DONE,MEDIUM,9,developer_2
753,45,41,13,IN_PROGRESS,MEDIUM,23,developer_40
754,61,19,2,DONE,HIGH,16,developer_41
755,43,153,13,TO_DO,MEDIUM,8,developer_26
756,94,145,2,BLOCKED,LOW,18,developer_20
757,21,130,9,DONE,HIGH,45,developer_33
758,63,146,12,DONE,MEDIUM,37,developer_50
759,10,52,5,DONE,CRITICAL,6,developer_2
760,73,142,9,DONE,MEDIUM,43,developer_31
761,17,39,8,IN_PROGRESS,CRITICAL,21,developer_44
762,37,105,3,TO_DO,MEDIUM,47,developer_25
763,14,10,2,TO_DO,LOW,39,developer_18
764,76,62,3,IN_PROGRESS,CRITICAL,30,developer_29
765,42,167,3,TO_DO,LOW,49,developer_3
766,83,127,11,DONE,CRITICAL,18,developer_31
767,13,185,7,DONE,HIGH,38,developer_16
768,50,52,9,TO_DO,CRITICAL,5,developer_36
769,67,56,13,IN_PROGRESS,HIGH,14,developer_45
770,90,1,11,DONE,CRITICAL,15,developer_28
771,38,130,1,IN_PROGRESS,HIGH,47,developer_27
772,60,119,9,DONE,CRITICAL,10,developer_3
773,32,72,6,TO_DO,CRITICAL,44,developer_18
774,15,138,5,IN_PROGRESS,HIGH,18,developer_42
775,50,200,9,IN_PROGRESS,MEDIUM,9,developer_39
776,96,149,11,BLOCKED,CRITICAL,29,developer_43
777,52,78,5,TO_DO,HIGH,21,developer_38
778,85,175,2,IN_PROGRESS,HIGH,31,developer_40
779,82,93,4,IN_PROGRESS,CRITICAL,40,developer_44
780,64,142,5,TO_DO,CRITICAL,48,developer_2
781,17,70,2,DONE,LOW,30,developer_48
782,31,87,6,DONE,MEDIUM,35,developer_39
783,96,122,2,BLOCKED,LOW,8,developer_43
784,57,175,5,DONE,LOW,35,developer_26
785,50,49,10,TO_DO,HIGH,26,developer_39
786,34,4,7,TO_DO,MEDIUM,19,developer_23
787,68,127,6,IN_PROGRESS,HIGH,31,developer_6
788,63,148,5,TO_DO,MEDIUM,27,developer_40
789,12,110,8,BLOCKED,CRITICAL,10,developer_47
790,69,74,6,DONE,LOW,38,developer_23
791,67,63,10,BLOCKED,CRITICAL,17,developer_29
792,96,120,11,BLOCKED,MEDIUM,15,developer_32
793,98,85,8,TO_DO,LOW,45,developer_38
794,18,153,10,BLOCKED,CRITICAL,21,developer_29
795,5,186,8,BLOCKED,CRITICAL,37,developer_16
796,41,86,12,TO_DO,MEDIUM,9,developer_43
797,98,42,12,IN_PROGRESS,HIGH,4,developer_29
798,76,176,12,DONE,LOW,26,developer_29
799,88,179,6,TO_DO,LOW,1,developer_41
800,23,179,6,DONE,LOW,44,developer_18
801,76,185,6,DONE,CRITICAL,30,developer_41
802,94,39,7,TO_DO,CRITICAL,40,developer_29
803,55,51,13,BLOCKED,MEDIUM,23,developer_50
804,95,41,4,DONE,MEDIUM,40,developer_16
805,27,61,13,BLOCKED,MEDIUM,4,developer_40
806,41,198,7,IN_PROGRESS,HIGH,48,developer_18
807,86,18,1,IN_PROGRESS,LOW,4,developer_10
808,54,58,1,DONE,LOW,11,developer_11
809,42,173,10,TO_DO,LOW,40,developer_30
810,46,133,6,TO_DO,MEDIUM,8,developer_2
811,50,171,7,IN_PROGRESS,CRITICAL,50,developer_20
812,30,158,1,TO_DO,CRITICAL,28,developer_22
813,56,144,9,BLOCKED,MEDIUM,45,developer_45
814,29,104,6,DONE,CRITICAL,26,developer_19
815,5,65,6,BLOCKED,MEDIUM,11,developer_25
816,34,77,11,TO_DO,HIGH,33,developer_50
817,13,167,13,IN_PROGRESS,MEDIUM,38,developer_3
818,74,195,6,IN_PROGRESS,LOW,31,developer_50
819,50,175,6,TO_DO,MEDIUM,11,developer_14
820,11,72,8,IN_PROGRESS,HIGH,47,developer_13
821,64,134,1,BLOCKED,HIGH,28,developer_35
822,40,109,5,TO_DO,HIGH,13,developer_48
823,51,85,3,DONE,MEDIUM,8,developer_12
824,56,195,8,BLOCKED,LOW,42,developer_25
825,56,153,12,BLOCKED,LOW,31,developer_40
826,5,50,8,TO_DO,LOW,45,developer_50
827,2,160,7,BLOCKED,HIGH,30,developer_21
828,88,155,8,DONE,LOW,22,developer_28
829,14,193,1,DONE,HIGH,32,developer_15
830,46,6,6,BLOCKED,LOW,4,developer_24
831,76,192,3,IN_PROGRESS,HIGH,37,developer_4
832,28,136,11,BLOCKED,MEDIUM,49,developer_24
833,100,114,10,BLOCKED,HIGH,37,developer_30
834,59,194,10,IN_PROGRESS,LOW,6,developer_10
835,3,145,12,TO_DO,HIGH,8,developer_33
836,57,114,7,BLOCKED,CRITICAL,27,developer_40
837,18,4,10,BLOCKED,MEDIUM,43,developer_25
838,82,183,8,IN_PROGRESS,MEDIUM,46,developer_21
839,76,130,1,BLOCKED,MEDIUM,38,developer_41
840,9,166,8,IN_PROGRESS,MEDIUM,26,developer_47
841,3,187,12,DONE,MEDIUM,9,developer_18
842,91,141,13,IN_PROGRESS,CRITICAL,14,developer_26
843,9,87,4,DONE,LOW,3,developer_2
844,26,2,9,IN_PROGRESS,HIGH,28,developer_6
845,19,68,9,IN_PROGRESS,MEDIUM,46,developer_4
846,15,72,6,BLOCKED,CRITICAL,45,developer_40
847,19,42,5,BLOCKED,HIGH,43,developer_31
848,78,160,9,BLOCKED,LOW,18,developer_49
849,24,151,4,DONE,LOW,49,developer_37
850,99,92,12,DONE,MEDIUM,3,developer_50
851,87,195,2,TO_DO,CRITICAL,38,developer_45
852,19,130,9,TO_DO,LOW,48,developer_49
853,63,74,8,BLOCKED,HIGH,39,developer_24
854,56,151,11,BLOCKED,MEDIUM,36,developer_17
855,23,101,3,IN_PROGRESS,HIGH,20,developer_2
856,88,8,12,TO_DO,MEDIUM,21,developer_9
857,40,128,1,TO_DO,LOW,26,developer_42
858,57,16,6,IN_PROGRESS,LOW,34,developer_23
859,37,26,2,DONE,HIGH,7,developer_44
860,98,179,3,DONE,MEDIUM,27,developer_13
861,70,43,3,IN_PROGRESS,MEDIUM,27,developer_24
862,5,154,5,DONE,CRITICAL,13,developer_49
863,15,70,4,TO_DO,MEDIUM,14,developer_39
864,12,188,10,BLOCKED,LOW,23,developer_22
865,54,157,3,TO_DO,MEDIUM,43,developer_28
866,84,100,2,IN_PROGRESS,HIGH,49,developer_45
867,25,51,1,DONE,MEDIUM,19,developer_43
868,12,33,9,IN_PROGRESS,CRITICAL,49,developer_41
869,80,163,10,IN_PROGRESS,MEDIUM,31,developer_46
870,98,135,11,TO_DO,LOW,1,developer_27
871,9,109,2,BLOCKED,MEDIUM,47,developer_3
872,48,112,9,BLOCKED,HIGH,41,developer_41
873,92,107,6,BLOCKED,LOW,3,developer_14
874,74,23,7,IN_PROGRESS,MEDIUM,35,developer_49
875,54,73,4,IN_PROGRESS,MEDIUM,37,developer_9
876,31,145,8,BLOCKED,MEDIUM,19,developer_14
877,3,17,7,DONE,CRITICAL,41,developer_32
878,78,28,13,TO_DO,HIGH,39,developer_47
879,7,101,10,TO_DO,MEDIUM,33,developer_32
880,66,16,8,IN_PROGRESS,LOW,47,developer_50
881,78,18,6,BLOCKED,CRITICAL,31,developer_49
882,35,113,8,TO_DO,LOW,4,developer_2
883,52,85,1,DONE,LOW,49,developer_6
884,58,179,9,BLOCKED,CRITICAL,11,developer_3
885,36,28,1,TO_DO,HIGH,14,developer_14
886,82,37,1,DONE,LOW,21,developer_9
887,48,6,7,BLOCKED,HIGH,18,developer_2
888,33,105,9,BLOCKED,HIGH,45,developer_37
889,80,134,13,BLOCKED,CRITICAL,8,developer_17
890,28,22,8,BLOCKED,HIGH,50,developer_2
891,39,31,6,IN_PROGRESS,CRITICAL,8,developer_7
892,77,112,6,DONE,MEDIUM,13,developer_20
893,47,66,7,IN_PROGRESS,CRITICAL,18,developer_30
894,61,200,9,IN_PROGRESS,HIGH,1,developer_21
895,81,136,2,DONE,MEDIUM,26,developer_29
896,6,164,8,BLOCKED,MEDIUM,1,developer_37
897,98,170,4,IN_PROGRESS,LOW,17,developer_47
898,93,161,10,DONE,LOW,10,developer_18
899,24,118,13,DONE,CRITICAL,29,developer_47
900,42,126,5,BLOCKED,CRITICAL,16,developer_36
901,62,4,9,BLOCKED,CRITICAL,4,developer_38
902,100,151,11,IN_PROGRESS,HIGH,6,developer_34
903,34,88,13,DONE,MEDIUM,48,developer_15
904,57,62,6,BLOCKED,CRITICAL,42,developer_45
905,2,178,1,DONE,CRITICAL,12,developer_8
906,83,38,4,BLOCKED,LOW,13,developer_38
907,39,107,8,DONE,LOW,41,developer_3
908,99,176,6,DONE,MEDIUM,48,developer_37
909,96,5,7,DONE,CRITICAL,16,developer_4
910,27,63,11,IN_PROGRESS,LOW,17,developer_41
911,30,38,5,BLOCKED,HIGH,10,developer_24
912,77,165,4,DONE,LOW,25,developer_27
913,11,189,13,BLOCKED,LOW,36,developer_3
914,56,177,9,TO_DO,MEDIUM,37,developer_33
915,90,191,10,DONE,LOW,16,developer_33
916,37,71,7,IN_PROGRESS,MEDIUM,40,developer_19
917,11,46,4,DONE,LOW,39,developer_38
918,52,93,4,IN_PROGRESS,MEDIUM,4,developer_24
919,62,66,12,TO_DO,MEDIUM,12,developer_27
920,75,190,5,BLOCKED,MEDIUM,27,developer_28
921,3,182,8,DONE,MEDIUM,22,developer_32
922,95,137,6,BLOCKED,CRITICAL,13,developer_24
923,3,22,4,IN_PROGRESS,CRITICAL,26,developer_41
924,98,56,3,BLOCKED,LOW,20,developer_31
925,5,30,5,IN_PROGRESS,LOW,7,developer_39
926,57,31,2,TO_DO,MEDIUM,15,developer_46
927,14,43,12,BLOCKED,MEDIUM,5,developer_46
928,77,26,2,DONE,MEDIUM,32,developer_18
929,49,187,11,BLOCKED,LOW,2,developer_23
930,41,135,2,DONE,LOW,40,developer_43
931,33,150,7,DONE,CRITICAL,17,developer_19
932,20,194,3,DONE,HIGH,22,developer_2
933,74,68,5,TO_DO,LOW,41,developer_7
934,29,30,12,BLOCKED,LOW,4,developer_41
935,59,61,3,BLOCKED,MEDIUM,4,developer_22
936,17,125,1,IN_PROGRESS,CRITICAL,15,developer_36
937,20,124,10,TO_DO,CRITICAL,4,developer_31
938,26,116,6,IN_PROGRESS,CRITICAL,5,developer_15
939,63,143,3,IN_PROGRESS,HIGH,38,developer_38
940,66,162,5,BLOCKED,LOW,50,developer_32
941,28,129,8,IN_PROGRESS,CRITICAL,16,developer_5
942,50,141,13,DONE,MEDIUM,19,developer_19
943,46,60,7,BLOCKED,CRITICAL,29,developer_17
944,58,42,6,IN_PROGRESS,LOW,10,developer_27
945,11,181,1,BLOCKED,MEDIUM,50,developer_20
946,48,10,5,BLOCKED,LOW,17,developer_17
947,25,125,9,DONE,MEDIUM,20,developer_9
948,68,164,4,DONE,HIGH,25,developer_17
949,49,19,5,IN_PROGRESS,LOW,18,developer_26
950,7,198,2,DONE,CRITICAL,18,developer_19
951,50,197,4,BLOCKED,MEDIUM,19,developer_27
952,87,17,4,BLOCKED,CRITICAL,6,developer_17
953,48,8,5,DONE,LOW,32,developer_14
954,90,79,1,DONE,HIGH,32,developer_25
955,13,22,11,IN_PROGRESS,CRITICAL,40,developer_34
956,24,82,8,IN_PROGRESS,HIGH,20,developer_25
957,67,80,7,BLOCKED,LOW,3,developer_11
958,39,134,3,BLOCKED,CRITICAL,8,developer_41
959,96,69,11,BLOCKED,LOW,47,developer_16
960,32,185,4,TO_DO,HIGH,40,developer_6
961,95,180,3,IN_PROGRESS,MEDIUM,19,developer_11
962,48,183,4,IN_PROGRESS,CRITICAL,31,developer_12
963,93,194,11,IN_PROGRESS,CRITICAL,5,developer_30
964,62,111,11,TO_DO,CRITICAL,27,developer_15
965,34,164,9,IN_PROGRESS,MEDIUM,42,developer_37
966,4,7,3,DONE,CRITICAL,21,developer_33
967,32,18,12,DONE,MEDIUM,12,developer_31
968,53,71,8,TO_DO,HIGH,27,developer_15
969,37,173,2,BLOCKED,HIGH,44,developer_48
970,100,103,13,DONE,CRITICAL,13,developer_20
971,63,165,8,BLOCKED,LOW,17,developer_35
972,67,118,8,IN_PROGRESS,HIGH,39,developer_43
973,76,28,1,IN_PROGRESS,MEDIUM,24,developer_33
974,50,67,6,TO_DO,CRITICAL,3,developer_36
975,92,141,8,DONE,HIGH,47,developer_25
976,86,155,9,DONE,MEDIUM,9,developer_46
977,47,87,2,TO_DO,LOW,45,developer_9
978,61,196,6,BLOCKED,HIGH,27,developer_20
979,54,199,6,BLOCKED,HIGH,11,developer_21
980,65,146,12,DONE,HIGH,34,developer_4
981,4,150,8,IN_PROGRESS,MEDIUM,42,developer_46
982,46,136,13,TO_DO,CRITICAL,41,developer_21
983,8,194,2,IN_PROGRESS,MEDIUM,39,developer_42
984,16,36,10,IN_PROGRESS,HIGH,45,developer_44
985,3,137,1,TO_DO,MEDIUM,43,developer_2
986,76,197,1,BLOCKED,CRITICAL,10,developer_43
987,93,156,9,BLOCKED,HIGH,45,developer_42
988,36,50,7,BLOCKED,CRITICAL,2,developer_7
989,12,188,5,TO_DO,MEDIUM,15,developer_38
990,61,4,8,TO_DO,HIGH,36,developer_26
991,100,30,4,IN_PROGRESS,MEDIUM,23,developer_50
992,50,182,5,TO_DO,HIGH,7,developer_40
993,93,114,9,DONE,HIGH,11,developer_1
994,14,63,10,DONE,CRITICAL,39,developer_34
995,63,117,6,TO_DO,MEDIUM,4,developer_23
996,98,9,9,IN_PROGRESS,MEDIUM,11,developer_2
997,22,107,11,DONE,LOW,10,developer_43
998,62,175,11,BLOCKED,CRITICAL,41,developer_21
999,15,106,8,IN_PROGRESS,HIGH,39,developer_22
1000,35,104,9,BLOCKED,CRITICAL,43,developer_33
1001,91,146,6,DONE,CRITICAL,34,developer_21
1002,97,47,1,DONE,MEDIUM,7,developer_9
1003,17,68,2,IN_PROGRESS,LOW,18,developer_50
1004,94,43,8,BLOCKED,CRITICAL,17,developer_23
1005,19,117,4,TO_DO,HIGH,31,developer_5
1006,69,112,8,IN_PROGRESS,HIGH,48,developer_29
1007,60,185,3,IN_PROGRESS,MEDIUM,27,developer_26
1008,5,25,13,BLOCKED,CRITICAL,10,developer_17
1009,95,159,12,BLOCKED,LOW,16,developer_7
1010,86,102,1,IN_PROGRESS,LOW,4,developer_1
1011,35,52,5,DONE,CRITICAL,45,developer_23
1012,92,147,7,DONE,LOW,36,developer_26
1013,8,50,6,DONE,HIGH,23,developer_23
1014,90,192,10,DONE,MEDIUM,13,developer_44
1015,1,132,3,IN_PROGRESS,MEDIUM,5,developer_19
1016,15,182,11,IN_PROGRESS,CRITICAL,27,developer_49
1017,13,36,9,DONE,MEDIUM,31,developer_39
1018,38,14,10,TO_DO,LOW,14,developer_12
1019,41,39,1,BLOCKED,MEDIUM,33,developer_5
1020,94,105,8,DONE,MEDIUM,32,developer_5
1021,78,112,2,BLOCKED,MEDIUM,24,developer_16
1022,16,181,8,BLOCKED,HIGH,8,developer_20
1023,34,7,6,IN_PROGRESS,CRITICAL,48,developer_25
1024,27,172,12,IN_PROGRESS,CRITICAL,7,developer_34
1025,71,30,12,IN_PROGRESS,CRITICAL,38,developer_4
1026,18,130,6,IN_PROGRESS,MEDIUM,49,developer_35
1027,5,172,9,IN_PROGRESS,LOW,50,developer_40
1028,36,6,13,IN_PROGRESS,LOW,41,developer_9
1029,84,15,12,BLOCKED,LOW,36,developer_21
1030,81,154,2,TO_DO,HIGH,3,developer_47
1031,28,149,13,TO_DO,CRITICAL,32,developer_11
1032,46,6,6,TO_DO,LOW,5,developer_36
1033,84,171,2,TO_DO,LOW,21,developer_22
1034,4,129,10,BLOCKED,HIGH,34,developer_36
1035,97,175,2,TO_DO,HIGH,34,developer_17
1036,49,88,5,BLOCKED,CRITICAL,43,developer_17
1037,52,37,1,DONE,LOW,11,developer_42
1038,59,45,5,DONE,HIGH,40,developer_40
1039,88,169,10,IN_PROGRESS,CRITICAL,6,developer_40
1040,25,94,3,DONE,CRITICAL,25,developer_35
1041,28,186,8,IN_PROGRESS,HIGH,2,developer_41
1042,76,61,2,BLOCKED,HIGH,22,developer_4
1043,64,41,1,BLOCKED,CRITICAL,25,developer_44
1044,37,190,11,BLOCKED,MEDIUM,38,developer_26
1045,72,46,3,BLOCKED,CRITICAL,9,developer_19
1046,62,150,11,BLOCKED,LOW,6,developer_17
1047,93,83,1,IN_PROGRESS,MEDIUM,43,developer_28
1048,88,31,13,DONE,LOW,44,developer_46
1049,64,92,13,TO_DO,CRITICAL,32,developer_10
1050,92,82,3,BLOCKED,HIGH,37,developer_42
1051,78,68,10,BLOCKED,HIGH,3,developer_38
1052,7,126,7,IN_PROGRESS,CRITICAL,37,developer_10
1053,42,50,8,DONE,MEDIUM,47,developer_37
1054,90,98,10,DONE,MEDIUM,42,developer_12
1055,40,10,7,DONE,CRITICAL,38,developer_16
1056,12,142,6,TO_DO,MEDIUM,7,developer_23
1057,100,169,9,BLOCKED,HIGH,45,developer_27
1058,34,21,13,DONE,LOW,7,developer_15
1059,58,52,13,TO_DO,MEDIUM,26,developer_18
1060,84,64,12,BLOCKED,CRITICAL,21,developer_45
1061,76,68,5,BLOCKED,HIGH,4,developer_35
1062,29,147,5,IN_PROGRESS,CRITICAL,39,developer_23
1063,21,131,9,TO_DO,CRITICAL,31,developer_13
1064,80,22,7,IN_PROGRESS,HIGH,6,developer_2
1065,54,192,13,IN_PROGRESS,HIGH,23,developer_17
1066,29,80,7,BLOCKED,MEDIUM,50,developer_26
1067,92,188,6,TO_DO,LOW,23,developer_24
1068,44,189,6,BLOCKED,LOW,44,developer_15
1069,36,4,10,DONE,HIGH,2,developer_26
1070,21,129,3,BLOCKED,MEDIUM,29,developer_34
1071,19,182,13,BLOCKED,CRITICAL,8,developer_33
1072,23,195,4,DONE,MEDIUM,31,developer_5
1073,59,122,8,IN_PROGRESS,CRITICAL,14,developer_47
1074,89,7,11,DONE,CRITICAL,18,developer_43
1075,28,113,10,DONE,LOW,12,developer_42
1076,60,154,3,DONE,MEDIUM,30,developer_45
1077,77,198,9,IN_PROGRESS,MEDIUM,16,developer_21
1078,38,2,13,BLOCKED,HIGH,19,developer_33
1079,17,72,3,TO_DO,CRITICAL,14,developer_22
1080,75,170,12,IN_PROGRESS,CRITICAL,38,developer_1
1081,19,69,3,IN_PROGRESS,LOW,3,developer_2
1082,53,133,7,TO_DO,LOW,40,developer_7
1083,79,191,12,BLOCKED,HIGH,45,developer_18
1084,46,42,10,DONE,LOW,8,developer_19
1085,68,94,8,BLOCKED,MEDIUM,26,developer_29
1086,36,170,2,IN_PROGRESS,LOW,16,developer_8
1087,75,122,6,DONE,LOW,48,developer_25
1088,76,109,6,TO_DO,CRITICAL,30,developer_40
1089,54,173,5,BLOCKED,LOW,39,developer_2
1090,48,190,6,BLOCKED,LOW,3,developer_29
1091,6,58,8,DONE,LOW,34,developer_9
1092,94,177,2,BLOCKED,MEDIUM,9,developer_48
1093,43,173,8,IN_PROGRESS,MEDIUM,21,developer_45
1094,6,134,4,DONE,HIGH,9,developer_34
1095,18,87,2,DONE,CRITICAL,16,developer_10
1096,67,45,12,TO_DO,LOW,24,developer_22
1097,94,80,12,IN_PROGRESS,MEDIUM,4,developer_27
1098,59,194,9,IN_PROGRESS,MEDIUM,15,developer_21
1099,100,95,12,BLOCKED,LOW,20,developer_2
1100,60,169,13,IN_PROGRESS,HIGH,46,developer_41
1101,50,141,11,DONE,CRITICAL,21,developer_21
1102,65,36,7,BLOCKED,LOW,36,developer_47
1103,67,145,3,IN_PROGRESS,CRITICAL,26,developer_40
1104,39,80,9,BLOCKED,HIGH,34,developer_1
1105,49,34,11,DONE,LOW,28,developer_47
1106,76,176,3,DONE,MEDIUM,33,developer_50
1107,93,61,6,IN_PROGRESS,MEDIUM,22,developer_17
1108,37,120,9,BLOCKED,CRITICAL,9,developer_46
1109,92,74,12,DONE,HIGH,33,developer_31
1110,93,138,11,DONE,LOW,50,developer_33
1111,27,81,2,DONE,HIGH,19,developer_28
1112,58,68,6,BLOCKED,CRITICAL,23,developer_42
1113,27,105,8,IN_PROGRESS,CRITICAL,12,developer_36
1114,1,116,5,TO_DO,LOW,29,developer_1
1115,38,76,2,IN_PROGRESS,CRITICAL,27,developer_28
1116,34,116,4,BLOCKED,LOW,44,developer_38
1117,23,105,13,BLOCKED,MEDIUM,10,developer_34
1118,89,155,11,TO_DO,CRITICAL,23,developer_35
1119,25,129,7,IN_PROGRESS,LOW,14,developer_45
1120,71,170,6,DONE,LOW,22,developer_19
1121,98,171,13,BLOCKED,CRITICAL,5,developer_27
1122,5,4,12,IN_PROGRESS,CRITICAL,21,developer_9
1123,99,128,8,TO_DO,HIGH,25,developer_18
1124,20,165,12,TO_DO,CRITICAL,11,developer_50
1125,91,171,12,TO_DO,CRITICAL,12,developer_8
1126,82,55,1,DONE,MEDIUM,16,developer_25
1127,34,4,1,BLOCKED,HIGH,22,developer_5
1128,95,38,9,TO_DO,MEDIUM,20,developer_2
1129,86,123,12,BLOCKED,CRITICAL,27,developer_17
1130,67,118,2,IN_PROGRESS,HIGH,49,developer_17
1131,53,190,8,TO_DO,HIGH,38,developer_27
1132,78,69,11,TO_DO,CRITICAL,16,developer_39
1133,72,116,10,BLOCKED,HIGH,7,developer_50
1134,95,187,6,TO_DO,CRITICAL,17,developer_9
1135,50,152,1,BLOCKED,LOW,50,developer_9
1136,99,94,2,DONE,MEDIUM,4,developer_19
1137,54,80,10,BLOCKED,CRITICAL,8,developer_41
1138,100,110,8,DONE,HIGH,6,developer_49
1139,27,85,3,BLOCKED,CRITICAL,14,developer_47
1140,1,28,12,BLOCKED,CRITICAL,17,developer_1
1141,22,157,10,BLOCKED,MEDIUM,9,developer_20
1142,12,184,12,TO_DO,LOW,32,developer_23
1143,68,11,7,TO_DO,MEDIUM,46,developer_28
1144,21,59,4,BLOCKED,CRITICAL,36,developer_27
1145,88,59,7,BLOCKED,LOW,22,developer_38
1146,17,21,6,DONE,CRITICAL,16,developer_49
1147,4,17,10,IN_PROGRESS,LOW,36,developer_4
1148,32,44,13,BLOCKED,LOW,28,developer_35
1149,93,181,5,TO_DO,MEDIUM,33,developer_34
1150,72,120,8,TO_DO,LOW,35,developer_9
1151,31,182,8,IN_PROGRESS,CRITICAL,1,developer_36
1152,23,77,12,IN_PROGRESS,LOW,36,developer_15
1153,25,109,5,DONE,LOW,37,developer_29
1154,41,52,1,DONE,CRITICAL,17,developer_44
1155,18,196,13,DONE,CRITICAL,13,developer_45
1156,99,47,6,TO_DO,CRITICAL,19,developer_5
1157,83,170,12,BLOCKED,CRITICAL,29,developer_26
1158,26,175,3,TO_DO,CRITICAL,44,developer_39
1159,84,169,12,IN_PROGRESS,LOW,29,developer_5
1160,94,145,6,IN_PROGRESS,HIGH,12,developer_11
1161,16,186,8,DONE,CRITICAL,48,developer_40
1162,33,53,13,TO_DO,LOW,34,developer_42
1163,60,145,6,TO_DO,CRITICAL,25,developer_27
1164,52,163,13,BLOCKED,CRITICAL,50,developer_34
1165,68,136,13,BLOCKED,MEDIUM,17,developer_39
1166,81,161,13,DONE,HIGH,16,developer_21
1167,76,72,11,TO_DO,HIGH,5,developer_24
1168,2,153,7,DONE,HIGH,49,developer_11
1169,39,114,10,TO_DO,MEDIUM,21,developer_29
1170,20,98,8,TO_DO,HIGH,10,developer_25
1171,96,159,5,DONE,CRITICAL,49,developer_43
1172,48,58,6,BLOCKED,HIGH,36,developer_8
1173,3,64,9,BLOCKED,CRITICAL,13,developer_50
1174,24,65,9,DONE,CRITICAL,45,developer_1
1175,95,74,5,TO_DO,MEDIUM,48,developer_19
1176,46,165,10,IN_PROGRESS,HIGH,3,developer_31
1177,74,195,3,TO_DO,CRITICAL,18,developer_38
1178,23,139,9,TO_DO,MEDIUM,29,developer_12
1179,74,122,3,TO_DO,LOW,18,developer_27
1180,64,184,12,TO_DO,HIGH,35,developer_9
1181,58,194,6,TO_DO,CRITICAL,45,developer_36
1182,52,137,7,TO_DO,LOW,18,developer_7
1183,37,130,9,TO_DO,LOW,31,developer_31
1184,72,132,12,IN_PROGRESS,CRITICAL,24,developer_23
1185,62,64,7,IN_PROGRESS,LOW,50,developer_45
1186,64,96,6,TO_DO,CRITICAL,37,developer_2
1187,26,170,9,TO_DO,MEDIUM,17,developer_10
1188,62,119,10,DONE,HIGH,24,developer_12
1189,90,65,10,IN_PROGRESS,MEDIUM,19,developer_8
1190,16,13,11,IN_PROGRESS,LOW,47,developer_34
1191,74,132,7,BLOCKED,LOW,38,developer_23
1192,74,102,5,BLOCKED,MEDIUM,4,developer_26
1193,40,62,6,DONE,MEDIUM,44,developer_47
1194,64,175,3,BLOCKED,HIGH,20,developer_46
1195,48,172,12,BLOCKED,MEDIUM,10,developer_1
1196,37,182,12,TO_DO,HIGH,13,developer_24
1197,67,10,13,BLOCKED,LOW,47,developer_29
1198,39,134,11,DONE,HIGH,12,developer_38
1199,24,67,5,TO_DO,LOW,3,developer_18
1200,14,122,10,TO_DO,CRITICAL,47,developer_27
